date,gwl,rainfall_mm,temp_c
2000-01-01,325.3575,11.29,9.396129032258063
2000-02-01,325.1044827586207,51.17,8.944482758620689
2000-03-01,324.66709677419357,26.82,11.05225806451613
2000-04-01,324.295,23.92,15.569666666666668
2000-05-01,324.05645161290323,4.47,19.653548387096773
2000-06-01,323.96200000000005,8.58,23.407666666666668
2000-07-01,323.9861290322581,3.79,24.95483870967742
2000-08-01,324.15387096774197,26.86,26.20451612903226
2000-09-01,324.434,8.71,22.308333333333334
2000-10-01,324.82193548387096,14.39,15.650322580645161
2000-11-01,325.2026666666667,2.59,9.246
2000-12-01,325.66225806451615,0.29,10.49258064516129
2001-01-01,326.0590322580645,35.980000000000004,6.363548387096775
2001-02-01,326.38500000000005,58.540000000000006,6.797499999999999
2001-03-01,326.741935483871,14.97,12.239032258064517
2001-04-01,327.0783333333333,12.989999999999998,12.362666666666666
2001-05-01,327.38129032258064,1.2,21.93548387096774
2001-06-01,327.7793333333333,0.24,23.646
2001-07-01,328.20451612903224,9.52,24.430967741935483
2001-08-01,328.67451612903227,2.37,27.089032258064517
2001-09-01,329.1903333333333,5.6499999999999995,24.377
2001-10-01,329.80387096774194,0.5700000000000001,19.495806451612903
2001-11-01,330.2933333333333,12.799999999999999,12.954
2001-12-01,330.78741935483873,12.75,6.9474193548387095
2002-01-01,331.25451612903225,5.04,7.551612903225807
2002-02-01,331.67107142857145,1.47,10.887142857142857
2002-03-01,332.05225806451614,9.51,10.695806451612903
2002-04-01,332.497,4.99,14.264666666666667
2002-05-01,332.9070967741936,0.35,17.669999999999998
2002-06-01,333.38733333333334,0.26,22.920666666666666
2002-07-01,333.9035483870968,1.8000000000000003,26.878709677419355
2002-08-01,334.41838709677415,0.030000000000000002,25.12258064516129
2002-09-01,334.9736666666667,3.13,24.092333333333332
2002-10-01,335.5870967741936,0.7000000000000001,16.01967741935484
2002-11-01,336.24399999999997,24.700000000000003,12.953666666666667
2002-12-01,336.80806451612904,24.21,7.3996774193548385
2003-01-01,337.39451612903224,5.03,12.419354838709678
2003-02-01,337.81714285714287,59.28,8.336071428571428
2003-03-01,338.424,32.059999999999995,11.818064516129033
2003-04-01,338.99899999999997,16.139999999999997,10.643
2003-05-01,339.6158064516129,4.7,18.38290322580645
2003-06-01,340.158,0.23,21.96033333333333
2003-07-01,340.79548387096776,6.619999999999999,28.101612903225806
2003-08-01,341.37840000000006,27.72,26.949032258064516
2003-09-01,341.9948275862069,2.99,25.665333333333333
2003-10-01,342.7374193548387,0.6900000000000001,21.562903225806455
2003-11-01,343.5293333333333,26.389999999999997,9.795666666666667
2003-12-01,344.17806451612904,18.57,7.854516129032258
2004-01-01,344.6509677419355,4.65,8.143225806451612
2004-02-01,345.06172413793104,48.27,7.173103448275862
2004-03-01,345.6258064516129,10.879999999999999,15.967096774193548
2004-04-01,346.00933333333336,10.53,14.984666666666667
2004-05-01,346.77290322580643,0.07,18.682258064516127
2004-06-01,347.31966666666665,0.12,22.578666666666667
2004-07-01,347.7048387096774,0.29000000000000004,25.968387096774194
2004-08-01,348.268064516129,9.459999999999999,25.53548387096774
2004-09-01,349.063,8.89,22.479
2004-10-01,349.4987096774193,63.4,15.978709677419355
2004-11-01,349.9146666666667,18.85,9.173666666666666
2004-12-01,350.33,61.72,7.92225806451613
2005-01-01,350.685,99.38,8.146129032258065
2005-02-01,351.04,100.86999999999999,8.415357142857143
2005-03-01,351.88,16.61,10.798064516129033
2005-04-01,352.19,5.9399999999999995,12.96
2005-05-01,352.5,3.39,18.21451612903226
2005-06-01,352.8,0.02,20.207333333333334
2005-07-01,353.17,39.300000000000004,27.436774193548384
2005-08-01,352.91,16.53,26.16032258064516
2005-09-01,352.98,5.88,21.133666666666667
2005-10-01,352.98,33.41,16.62709677419355
2005-11-01,352.46,0.23,12.829333333333333
2005-12-01,352.1,2.0300000000000002,9.430967741935484
2006-01-01,351.3,14.93,8.201290322580645
2006-02-01,351.16,19.68,10.287142857142857
2006-03-01,350.1718181818182,25.71,7.847096774193548
2006-04-01,349.6673333333334,15.82,12.351666666666667
2006-05-01,348.9425806451613,4.239999999999999,20.030322580645162
2006-06-01,348.23333333333335,1.59,25.237000000000002
2006-07-01,347.43032258064517,9.22,29.01967741935484
2006-08-01,346.54645161290324,3.51,25.549354838709675
2006-09-01,345.67266666666666,3.5900000000000003,23.175333333333334
2006-10-01,344.69193548387096,3.57,15.646129032258063
2006-11-01,343.7946153846154,0.91,13.518
2006-12-01,342.4505555555555,7.2,8.000645161290324
2007-01-01,341.9648387096774,6.17,5.904193548387097
2007-02-01,341.27464285714285,13.47,9.249642857142858
2007-03-01,340.7941935483871,4.0,13.647419354838709
2007-04-01,340.33299999999997,7.199999999999999,14.637
2007-05-01,340.0467741935484,0.12,18.81677419354839
2007-06-01,339.9158620689655,0.04,23.086666666666666
2007-07-01,339.76535714285717,1.48,27.4941935483871
2007-08-01,339.72035714285715,6.5,27.286774193548386
2007-09-01,339.80263157894734,7.04,21.474
2007-10-01,339.92290322580646,1.03,16.73516129032258
2007-11-01,340.10333333333335,38.09,14.404
2007-12-01,340.44129032258064,24.8,5.862580645161291
2008-01-01,340.7845161290322,89.26,6.1648387096774195
2008-02-01,341.1631034482758,26.099999999999998,8.550344827586207
2008-03-01,341.49695652173915,2.29,11.488064516129032
2008-04-01,341.92304347826087,0.21000000000000002,13.692666666666666
2008-05-01,342.3503225806452,3.3499999999999996,16.549354838709675
2008-06-01,342.80533333333335,0.06,24.516333333333332
2008-07-01,343.20000000000005,9.08,27.16
2008-08-01,343.62451612903226,13.2,26.52225806451613
2008-09-01,344.07800000000003,2.37,24.815333333333335
2008-10-01,344.4309677419355,0.19,19.423548387096773
2008-11-01,344.70133333333337,22.31,14.308333333333334
2008-12-01,344.92806451612904,56.0,6.899677419354839
2009-01-01,345.1290322580645,1.94,9.373548387096774
2009-02-01,345.1846428571429,39.46,8.17
2009-03-01,345.1832258064516,1.78,11.056774193548387
2009-04-01,345.1286666666667,2.3499999999999996,13.160666666666666
2009-05-01,344.99129032258065,0.36000000000000004,21.396129032258063
2009-06-01,344.8463333333333,0.46,19.78166666666667
2009-07-01,344.7306451612903,0.63,27.511612903225807
2009-08-01,344.6225806451613,0.74,26.094193548387096
2009-09-01,344.541,1.24,24.83566666666667
2009-10-01,344.4554838709678,1.5699999999999998,15.782580645161291
2009-11-01,344.44233333333335,5.1,12.856666666666666
2009-12-01,344.496129032258,43.01,6.546129032258064
2010-01-01,344.551935483871,108.35,8.196451612903227
2010-02-01,344.7703571428571,41.74,8.515357142857143
2010-03-01,344.93612903225807,10.200000000000001,10.133870967741935
2010-04-01,345.1566666666667,12.7,11.45
2010-05-01,345.45806451612907,0.66,15.041612903225808
2010-06-01,345.73266666666666,0.0,21.546
2010-07-01,346.04689655172416,1.0599999999999998,25.65225806451613
2010-08-01,346.3909677419355,4.9,25.231290322580644
2010-09-01,346.7286666666667,1.33,23.819000000000003
2010-10-01,347.0525925925926,25.88,16.77
2010-11-01,347.33818181818185,11.42,10.107333333333335
2010-12-01,347.5264516129032,136.55,9.560967741935483
2011-01-01,347.80645161290323,5.8999999999999995,8.094193548387096
2011-02-01,347.92035714285714,42.480000000000004,6.2749999999999995
2011-03-01,348.1132258064516,18.01,10.651290322580644
2011-04-01,348.31965517241383,2.8,13.233
2011-05-01,348.4554838709677,3.56,14.881290322580645
2011-06-01,348.59066666666666,0.11,20.103666666666665
2011-07-01,348.73225806451615,8.69,25.226451612903226
2011-08-01,348.7864516129032,3.12,26.774193548387096
2011-09-01,348.8013333333334,8.59,24.561
2011-10-01,348.63580645161295,6.54,18.800967741935484
2011-11-01,348.3846666666667,19.18,10.229000000000001
2011-12-01,348.08612903225804,6.32,6.978709677419355
2012-01-01,347.6758064516129,5.35,10.135483870967741
2012-02-01,347.25310344827585,12.48,8.510689655172413
2012-03-01,346.74899999999997,19.98,10.373870967741935
2012-04-01,346.402,14.700000000000001,15.295
2012-05-01,345.95033333333333,0.2,19.41322580645161
2012-06-01,345.41793103448276,0.0,22.522
2012-07-01,344.90258064516127,16.84,25.536451612903225
2012-08-01,344.3477419354839,12.68,28.219354838709677
2012-09-01,343.92766666666665,7.65,25.355
2012-10-01,343.57193548387096,1.6300000000000001,18.251290322580644
2012-11-01,343.2883333333333,4.23,13.481666666666666
2012-12-01,343.0390322580645,20.35,7.709032258064516
2013-01-01,342.9983870967742,17.58,6.339354838709678
2013-02-01,342.94678571428574,6.67,7.955357142857143
2013-03-01,343.0058064516129,8.11,13.799354838709677
2013-04-01,343.159,0.54,15.370000000000001
2013-05-01,343.37709677419355,3.6500000000000004,18.565483870967743
2013-06-01,343.6933333333333,0.01,23.52466666666667
2013-07-01,344.003870967742,10.11,26.403870967741934
2013-08-01,344.2951612903226,20.18,25.649354838709677
2013-09-01,344.5846666666667,7.12,22.926333333333332
2013-10-01,344.7970967741935,6.06,15.89774193548387
2013-11-01,345.09965517241375,15.46,12.302999999999999
2013-12-01,345.48758620689654,4.380000000000001,7.970967741935484
2014-01-01,345.82451612903225,1.1300000000000001,12.006774193548386
2014-02-01,346.1460714285714,28.990000000000002,12.07642857142857
2014-03-01,346.50967741935483,6.7,13.138064516129033
2014-04-01,346.8856666666667,6.93,15.566666666666666
2014-05-01,347.32451612903225,1.27,18.976451612903226
2014-06-01,347.799,0.04,22.800333333333334
2014-07-01,348.3106451612903,4.35,26.4941935483871
2014-08-01,348.7690322580645,13.879999999999999,24.95258064516129
2014-09-01,349.2606666666667,7.26,24.63
2014-10-01,349.7745161290323,0.52,20.323870967741936
2014-11-01,350.2537931034483,4.71,13.205
2014-12-01,350.6557142857143,38.44,9.008709677419354
2015-01-01,351.1058064516129,17.14,10.532580645161291
2015-02-01,351.38321428571425,15.309999999999999,13.545
2015-03-01,351.8077419354838,13.24,15.28483870967742
2015-04-01,352.0973333333333,6.22,14.923666666666668
2015-05-01,352.4774193548387,15.530000000000001,15.825806451612904
2015-06-01,352.799,2.56,24.136000000000003
2015-07-01,353.1354838709678,31.58,23.524193548387096
2015-08-01,353.4574193548387,0.66,26.509354838709676
2015-09-01,353.74300000000005,18.34,24.181333333333335
2015-10-01,354.0409677419355,15.67,19.620967741935484
2015-11-01,354.3236666666667,7.69,10.190666666666665
2015-12-01,354.5351612903226,19.17,7.160645161290322
2016-01-01,354.7645161290323,64.84,7.7054838709677425
2016-02-01,354.8927586206896,5.61,13.025172413793104
2016-03-01,354.96774193548384,17.26,12.950967741935484
2016-04-01,355.0443333333333,15.299999999999999,15.061
2016-05-01,355.0932258064516,6.130000000000001,16.758064516129032
2016-06-01,355.065,0.30000000000000004,25.383333333333333
2016-07-01,355.0083870967742,0.79,26.86774193548387
2016-08-01,354.95935483870966,1.42,26.613225806451613
2016-09-01,354.92068965517245,9.45,21.686333333333334
2016-10-01,354.8793548387097,12.469999999999999,18.280645161290323
2016-11-01,354.80333333333334,18.13,13.580333333333334
2016-12-01,354.75193548387097,86.43,7.918709677419354
2017-01-01,354.7122580645161,112.28,6.543548387096774
2017-02-01,354.5775,53.82,9.315357142857142
2017-03-01,354.56612903225806,3.78,13.73741935483871
2017-04-01,354.441,0.44,15.192333333333332
2017-05-01,354.30967741935484,5.54,17.619032258064514
2017-06-01,354.16066666666666,0.05,24.545
2017-07-01,354.02290322580643,2.5,28.085806451612903
2017-08-01,353.8490322580645,8.69,26.970000000000002
2017-09-01,353.724,8.92,21.889666666666667
2017-10-01,353.6193548387097,0.39,19.39516129032258
2017-11-01,353.5416666666667,0.6799999999999999,15.084666666666667
2017-12-01,353.41483870967744,0.03,11.184193548387096
2018-01-01,353.2751612903226,44.65,11.611290322580645
2018-02-01,353.1210714285714,5.09,9.415000000000001
2018-03-01,353.05387096774194,36.13,11.362580645161291
2018-04-01,352.9286666666667,0.3,15.520000000000001
2018-05-01,352.84806451612906,5.79,17.260645161290324
2018-06-01,352.8013333333334,0.0,23.325666666666667
2018-07-01,352.7754838709677,11.14,28.536129032258064
2018-08-01,352.7254838709677,3.2199999999999998,26.331290322580646
2018-09-01,352.7583333333333,0.02,24.50133333333333
2018-10-01,352.89838709677423,28.98,17.20709677419355
2018-11-01,353.0443333333333,20.4,12.685333333333334
2018-12-01,353.1906451612903,28.509999999999998,8.602903225806452
2019-01-01,353.3332258064516,63.71,8.521612903225806
2019-02-01,353.25428571428574,127.98,5.426785714285714
2019-03-01,353.55967741935484,33.68,10.079354838709676
2019-04-01,353.6456666666666,2.39,14.739666666666666
2019-05-01,353.77354838709675,24.659999999999997,14.239354838709678
2019-06-01,353.8933333333333,0.39,22.121666666666666
2019-07-01,353.92806451612904,3.46,25.63967741935484
2019-08-01,353.9541935483871,0.05,26.919677419354837
2019-09-01,353.9706666666667,7.13,22.44333333333333
2019-10-01,354.0106451612903,0.0,17.20741935483871
2019-11-01,353.924,42.15,13.886666666666667
2019-12-01,353.84032258064514,64.21000000000001,7.504516129032258
2020-01-01,353.66903225806453,2.81,9.017096774193547
2020-02-01,353.50275862068963,6.46,10.235862068965517
2020-03-01,353.2883870967742,81.99000000000001,9.56967741935484
2020-04-01,353.01533333333333,66.38,14.051
2020-05-01,352.67483870967743,0.68,19.259677419354837
2020-06-01,352.283,0.71,21.71466666666667
2020-07-01,351.87225806451613,0.01,25.872258064516128
2020-08-01,351.3661290322581,4.2299999999999995,27.734193548387097
2020-09-01,350.94166666666666,0.0,26.424666666666667
2020-10-01,350.4787096774194,0.35,20.8141935483871
2020-11-01,350.0383333333333,8.790000000000001,13.215666666666667
2020-12-01,349.53677419354835,16.580000000000002,8.871290322580645
2021-01-01,349.0577419354838,30.580000000000002,8.580967741935483
2021-02-01,348.5910714285714,2.32,9.616428571428571
2021-03-01,348.0083870967742,20.54,9.379354838709677
2021-04-01,347.49399999999997,2.33,15.368333333333334
2021-05-01,346.9967741935484,0.39,18.486129032258063
2021-06-01,346.51206896551724,0.9500000000000001,25.824333333333335
2021-07-01,346.0751851851852,14.46,28.14258064516129
2021-08-01,345.63774193548386,4.59,26.989354838709676
2021-09-01,345.32166666666666,2.82,24.404666666666667
2021-10-01,344.96258064516127,13.39,15.999677419354839
2021-11-01,344.72533333333337,0.0,16.063
2021-12-01,344.3848387096774,94.78,8.57258064516129
2022-01-01,344.25032258064516,2.02,8.93774193548387
2022-02-01,343.9682142857143,6.29,8.807857142857143
2022-03-01,343.73129032258066,15.080000000000002,12.776451612903225
2022-04-01,343.5933333333333,4.41,15.366333333333333
2022-05-01,343.42096774193544,0.21,18.544193548387096
2022-06-01,343.33133333333336,1.09,25.050333333333334
2022-07-01,343.20354838709676,7.26,27.067419354838712
2022-08-01,343.1248387096774,15.71,28.009999999999998
2022-09-01,343.084,17.44,25.012
2022-10-01,343.1,13.22,19.75193548387097
2022-11-01,343.13866666666667,37.06,9.561666666666667
2022-12-01,343.1835483870968,33.43,8.235483870967743
2023-01-01,343.2229032258064,102.39999999999999,6.32774193548387
2023-02-01,343.2451851851852,51.36,6.281428571428571
2023-03-01,343.53,96.01,7.756451612903225
2023-04-01,343.44,0.94,14.706333333333333
2023-05-01,343.35,10.33,16.106451612903225
2023-06-01,343.39,1.4800000000000002,18.342
2023-07-01,343.153125,0.49,28.174193548387095
2023-08-01,342.91625,73.58999999999999,26.418709677419354
2023-09-01,342.8066666666667,10.219999999999999,21.252000000000002
2023-10-01,342.5541935483871,0.53,18.893548387096775
2023-11-01,342.3383333333333,14.59,12.937999999999999
2023-12-01,342.05967741935484,19.689999999999998,10.807741935483872
2024-01-01,341.68290322580646,37.9,8.43774193548387
2024-02-01,341.30655172413793,113.87,8.607931034482759
2024-03-01,340.8322580645161,50.71,9.50290322580645
2024-04-01,340.38433333333336,7.96,13.502
2024-05-01,339.898064516129,2.12,16.797096774193548
2024-06-01,339.32800000000003,0.26,24.141333333333332
2024-07-01,338.75548387096774,1.88,29.67258064516129
2024-08-01,338.09548387096777,1.37,27.48161290322581
2024-09-01,337.36233333333337,3.58,24.923000000000002
2024-10-01,336.71935483870965,1.1300000000000001,21.837741935483873
2024-11-01,335.988,1.88,11.504333333333333
2024-12-01,335.27838709677417,0.07,12.288387096774194
2025-01-01,335.27838709677417,0.0,12.8
