date,gwl,rainfall_mm,temp_c,gwl_lag_1,gwl_lag_3,gwl_lag_6,month,year,month_sin,month_cos,cumulative_year_trend
2021-08-01,65.60516129032258,0.9600000000000001,23.95709677419355,67.80714285714286,67.34935483870967,68.26,8,2021,-0.8660254037844385,-0.5000000000000004,13
2021-09-01,68.514,1.11,22.537666666666667,65.60516129032258,69.538,82.16,9,2021,-1.0,-1.8369701987210297e-16,13
2021-10-01,66.84193548387097,21.04,18.177096774193547,68.514,67.80714285714286,83.95192307692308,10,2021,-0.8660254037844386,0.5000000000000001,13
2021-11-01,66.954,0.05,17.543,66.84193548387097,65.60516129032258,67.34935483870967,11,2021,-0.5000000000000004,0.8660254037844384,13
2021-12-01,66.90129032258065,234.29,11.478064516129033,66.954,68.514,69.538,12,2021,-2.4492935982947064e-16,1.0,13
2022-01-01,65.63645161290323,2.9,12.193225806451613,66.90129032258065,66.84193548387097,67.80714285714286,1,2022,0.49999999999999994,0.8660254037844387,14
2022-02-01,65.96714285714286,4.53,12.77,65.63645161290323,66.954,65.60516129032258,2,2022,0.8660254037844386,0.5000000000000001,14
2022-03-01,66.85354838709678,32.93,15.076129032258065,65.96714285714286,66.90129032258065,68.514,3,2022,1.0,6.123233995736766e-17,14
2022-04-01,69.93433333333333,5.68,16.592333333333332,66.85354838709678,65.63645161290323,66.84193548387097,4,2022,0.8660254037844387,-0.4999999999999998,14
2022-05-01,69.96967741935484,0.34,17.875806451612902,69.93433333333333,65.96714285714286,66.954,5,2022,0.49999999999999994,-0.8660254037844387,14
2022-06-01,68.67666666666668,1.56,22.630333333333333,69.96967741935484,66.85354838709678,66.90129032258065,6,2022,1.2246467991473532e-16,-1.0,14
2022-07-01,68.94354838709677,0.6699999999999999,23.2041935483871,68.67666666666668,69.93433333333333,65.63645161290323,7,2022,-0.4999999999999997,-0.8660254037844388,14
2022-08-01,69.3483870967742,0.6900000000000001,25.51451612903226,68.94354838709677,69.96967741935484,65.96714285714286,8,2022,-0.8660254037844385,-0.5000000000000004,14
2022-09-01,74.30766666666666,13.440000000000001,25.00133333333333,69.3483870967742,68.67666666666668,66.85354838709678,9,2022,-1.0,-1.8369701987210297e-16,14
2022-10-01,71.64032258064516,5.58,20.14516129032258,74.30766666666666,68.94354838709677,69.93433333333333,10,2022,-0.8660254037844386,0.5000000000000001,14
2022-11-01,71.41733333333333,52.09,13.387333333333334,71.64032258064516,69.3483870967742,69.96967741935484,11,2022,-0.5000000000000004,0.8660254037844384,14
2022-12-01,71.40064516129033,96.72,11.78516129032258,71.41733333333333,74.30766666666666,68.67666666666668,12,2022,-2.4492935982947064e-16,1.0,14
2023-01-01,70.18483870967742,211.43,10.116451612903226,71.40064516129033,71.64032258064516,68.94354838709677,1,2023,0.49999999999999994,0.8660254037844387,15
2023-02-01,69.12785714285714,128.81,9.992500000000001,70.18483870967742,71.41733333333333,69.3483870967742,2,2023,0.8660254037844386,0.5000000000000001,15
2023-03-01,68.05419354838709,188.73,10.64258064516129,69.12785714285714,71.40064516129033,74.30766666666666,3,2023,1.0,6.123233995736766e-17,15
2023-04-01,67.51266666666668,1.88,14.588666666666667,68.05419354838709,70.18483870967742,71.64032258064516,4,2023,0.8660254037844387,-0.4999999999999998,15
2023-05-01,67.16612903225807,17.12,15.368064516129033,67.51266666666668,69.12785714285714,71.41733333333333,5,2023,0.49999999999999994,-0.8660254037844387,15
2023-06-01,69.53137931034483,2.32,17.275666666666666,67.16612903225807,68.05419354838709,71.40064516129033,6,2023,1.2246467991473532e-16,-1.0,15
2023-07-01,67.00806451612904,0.03,24.308387096774194,69.53137931034483,67.51266666666668,70.18483870967742,7,2023,-0.4999999999999997,-0.8660254037844388,15
2023-08-01,66.32645161290323,66.7,24.291935483870965,67.00806451612904,67.16612903225807,69.12785714285714,8,2023,-0.8660254037844385,-0.5000000000000004,15
2023-09-01,66.554,4.16,20.827333333333335,66.32645161290323,69.53137931034483,68.05419354838709,9,2023,-1.0,-1.8369701987210297e-16,15
2023-10-01,66.72322580645161,0.76,20.561935483870965,66.554,67.00806451612904,67.51266666666668,10,2023,-0.8660254037844386,0.5000000000000001,15
2023-11-01,64.473,15.22,16.368333333333332,66.72322580645161,66.32645161290323,67.16612903225807,11,2023,-0.5000000000000004,0.8660254037844384,15
2023-12-01,63.31322580645161,64.67,14.14774193548387,64.473,66.554,69.53137931034483,12,2023,-2.4492935982947064e-16,1.0,15
2024-01-01,62.29548387096774,44.3,11.967096774193548,63.31322580645161,66.72322580645161,67.00806451612904,1,2024,0.49999999999999994,0.8660254037844387,16
2024-02-01,60.365172413793104,276.62,11.676551724137932,62.29548387096774,64.473,66.32645161290323,2,2024,0.8660254037844386,0.5000000000000001,16
2024-03-01,58.839677419354835,100.78,12.535483870967743,60.365172413793104,63.31322580645161,66.554,3,2024,1.0,6.123233995736766e-17,16
2024-04-01,57.63699999999999,17.95,14.183333333333334,58.839677419354835,62.29548387096774,66.72322580645161,4,2024,0.8660254037844387,-0.4999999999999998,16
2024-05-01,57.1325806451613,2.67,15.671935483870968,57.63699999999999,60.365172413793104,64.473,5,2024,0.49999999999999994,-0.8660254037844387,16
2024-06-01,59.43535714285714,0.73,20.561,57.1325806451613,58.839677419354835,63.31322580645161,6,2024,1.2246467991473532e-16,-1.0,16
2024-07-01,56.97032258064516,0.16,24.59935483870968,59.43535714285714,57.63699999999999,62.29548387096774,7,2024,-0.4999999999999997,-0.8660254037844388,16
2024-08-01,56.46741935483871,0.05,24.61774193548387,56.97032258064516,57.1325806451613,60.365172413793104,8,2024,-0.8660254037844385,-0.5000000000000004,16
2024-09-01,59.55034482758621,0.56,23.444333333333336,56.46741935483871,59.43535714285714,58.839677419354835,9,2024,-1.0,-1.8369701987210297e-16,16
2024-10-01,57.20935483870968,0.45,21.37483870967742,59.55034482758621,56.97032258064516,57.63699999999999,10,2024,-0.8660254037844386,0.5000000000000001,16
2024-11-01,56.400666666666666,4.17,14.643666666666666,57.20935483870968,56.46741935483871,57.1325806451613,11,2024,-0.5000000000000004,0.8660254037844384,16
2024-12-01,56.065,0.6699999999999999,14.313870967741936,56.400666666666666,59.55034482758621,59.43535714285714,12,2024,-2.4492935982947064e-16,1.0,16
2025-01-01,56.065,0.01,14.5,56.065,57.20935483870968,56.97032258064516,1,2025,0.49999999999999994,0.8660254037844387,17
