feature,mean_abs_shap
gwl_lag_1,3.664388
lstm_emb_19,0.11135075
gwl_lag_6,0.101733394
cumulative_year_trend,0.08977907
lstm_emb_9,0.036750548
lstm_emb_5,0.022415373
rainfall_mm,0.021389024
lstm_emb_1,0.010188939
lstm_emb_23,0.010007164
lstm_emb_3,0.009368399
lstm_emb_20,0.008935069
lstm_emb_29,0.008806414
lstm_emb_24,0.00840596
lstm_emb_27,0.0077683646
lstm_emb_25,0.007439653
temp_c,0.006842557
lstm_emb_10,0.006772733
lstm_emb_22,0.005711315
lstm_emb_30,0.0056485143
lstm_emb_18,0.0050860825
lstm_emb_28,0.0049890047
lstm_emb_13,0.0046988237
lstm_emb_26,0.0042648055
lstm_emb_2,0.003981684
lstm_emb_11,0.003660692
lstm_emb_31,0.0034511352
lstm_emb_4,0.0032366032
lstm_emb_14,0.0030291642
lstm_emb_15,0.0029396613
lstm_emb_0,0.0028233922
gwl_lag_3,0.0027608043
lstm_emb_16,0.0024182554
lstm_emb_21,0.0021969976
lstm_emb_12,0.0019476021
lstm_emb_17,0.0017090773
lstm_emb_7,0.0010874525
lstm_emb_8,0.0010565921
lstm_emb_6,0.00093523535
month_cos,0.0008964946
month_sin,0.0004570345
