n_estimators,min_samples_leaf,max_features,max_depth,RMSE_mean,RMSE_std
500,5,None,10,1.3711039006671915,0.7416111160723239
200,5,None,None,1.374044865998999,0.737574461242198
100,3,None,10,1.3740733279961748,0.6962498410608714
200,1,None,15,1.3981125116747557,0.6967674474436506
100,1,log2,10,1.93705367963983,0.729859277368826
200,2,log2,5,1.9763285866142883,0.6982046489224895
100,1,log2,None,1.9940157226992636,0.7327049407363754
200,1,log2,10,1.9957646173851882,0.7139714388915495
100,2,log2,5,2.0201297821683246,0.7111043418012917
300,5,log2,None,2.031066674448539,0.7447342789372817
300,1,log2,None,2.045784937044455,0.7088465684320489
300,1,log2,5,2.1017852744610055,0.714478740642283
300,5,log2,5,2.1054511580754047,0.7837442619131295
200,1,log2,5,2.1125829679309795,0.7174981848852419
100,5,log2,5,2.1561742974922966,0.7826870332239223
200,1,sqrt,15,2.2961351587423984,0.7703786397873802
200,3,sqrt,15,2.364993580594439,0.8451691582916657
200,3,sqrt,None,2.3649935805944438,0.8451691582916836
500,5,sqrt,10,2.497983244229794,0.8953419673445268
500,5,sqrt,None,2.4980835769486194,0.8953679763742858
