date,actual,predicted
2020-03-01,353.2883870967742,353.5254
2020-04-01,353.01533333333333,353.47433
2020-05-01,352.67483870967743,353.08472
2020-06-01,352.283,352.99414
2020-07-01,351.87225806451613,352.41595
2020-08-01,351.3661290322581,352.03854
2020-09-01,350.94166666666666,351.34955
2020-10-01,350.4787096774194,350.94012
2020-11-01,350.0383333333333,350.67328
2020-12-01,349.53677419354835,350.21478
2021-01-01,349.0577419354838,349.53513
2021-02-01,348.5910714285714,348.66043
2021-03-01,348.0083870967742,348.40067
2021-04-01,347.494,347.75372
2021-05-01,346.9967741935484,346.9839
2021-06-01,346.51206896551724,346.73718
2021-07-01,346.0751851851852,346.14932
2021-08-01,345.63774193548386,345.9757
2021-09-01,345.32166666666666,345.22803
2021-10-01,344.96258064516127,344.80682
2021-11-01,344.72533333333337,344.5669
2021-12-01,344.3848387096774,344.26193
2022-01-01,344.2503225806452,344.32806
2022-02-01,343.9682142857143,344.27124
2022-03-01,343.73129032258066,343.7337
2022-04-01,343.5933333333333,343.624
2022-05-01,343.42096774193544,343.72464
2022-06-01,343.33133333333336,343.71512
2022-07-01,343.2035483870968,343.43713
2022-08-01,343.1248387096774,343.3442
2022-09-01,343.084,343.34827
2022-10-01,343.1,343.42072
2022-11-01,343.13866666666667,343.45972
2022-12-01,343.1835483870968,343.4405
2023-01-01,343.2229032258064,343.50546
2023-02-01,343.2451851851852,343.64465
2023-03-01,343.53,343.6069
2023-04-01,343.44,343.9837
2023-05-01,343.35,344.00024
2023-06-01,343.39,343.72153
2023-07-01,343.153125,343.9109
2023-08-01,342.91625,343.3797
2023-09-01,342.8066666666667,343.3589
2023-10-01,342.5541935483871,343.33948
2023-11-01,342.3383333333333,342.84772
2023-12-01,342.05967741935484,342.725
2024-01-01,341.68290322580646,342.6473
2024-02-01,341.30655172413793,341.94095
2024-03-01,340.8322580645161,341.5287
2024-04-01,340.38433333333336,341.61066
2024-05-01,339.898064516129,340.84216
2024-06-01,339.32800000000003,340.34445
2024-07-01,338.75548387096774,339.83667
2024-08-01,338.09548387096777,339.14438
2024-09-01,337.36233333333337,338.56165
2024-10-01,336.71935483870965,337.55878
2024-11-01,335.988,336.92422
2024-12-01,335.27838709677417,336.33762
2025-01-01,335.27838709677417,335.68057
