subsample,n_estimators,min_child_weight,max_depth,learning_rate,colsample_bytree,RMSE_mean,RMSE_std
0.8,500,3,4,0.05,1.0,0.8856605306078121,0.45167712741258637
1.0,200,1,4,0.05,1.0,0.9068141202149856,0.5687900346536383
0.8,300,5,4,0.05,1.0,0.921229427354802,0.42178833793441767
1.0,200,5,4,0.1,1.0,0.9402553052627596,0.49183953146590587
0.8,200,3,6,0.03,0.8,1.0926867877289954,0.4082839207649714
0.8,200,5,5,0.05,0.8,1.128378091496459,0.3389237445051717
1.0,500,3,3,0.01,0.8,1.1483018410574215,0.48390735435463866
1.0,300,1,4,0.03,0.8,1.1533202999307797,0.492847191813123
1.0,300,3,3,0.01,1.0,1.171221121067081,0.7048632059463461
0.8,300,5,4,0.05,0.8,1.181834791564307,0.39565595315167956
1.0,200,3,6,0.05,0.7,1.196187721425638,0.340668456186374
1.0,300,3,4,0.05,0.7,1.2192340904741967,0.3618723085740984
0.8,500,1,3,0.05,0.7,1.2325902255703336,0.3626170048182839
1.0,500,3,3,0.01,0.7,1.2338450594828914,0.44583429807423614
0.8,100,5,5,0.1,0.7,1.2381537741456163,0.30998214790212375
1.0,100,5,4,0.1,0.7,1.2890155703487627,0.24779052525751408
0.7,200,1,6,0.01,1.0,1.8028143928445186,0.9874115517081451
0.8,200,3,4,0.01,0.8,1.8545951690686031,0.8774354961589717
1.0,100,1,4,0.01,1.0,3.329246166213591,1.381456938811481
0.8,100,3,4,0.01,1.0,3.351730228745145,1.3991383544939666
