date,gwl_ft_below_surface
2008-01-01,68.26
2021-03-22,76.8
2021-03-23,77.74
2021-03-24,78.65
2021-03-25,79.47
2021-03-26,73.53
2021-03-27,74.11
2021-03-28,74.7
2021-03-29,75.58
2021-03-30,75.08
2021-03-31,135.94
2021-04-01,135.97
2021-04-02,128.47
2021-04-03,112.38
2021-04-04,102.56
2021-04-05,95.73
2021-04-06,91.35
2021-04-07,88.45
2021-04-08,85.78
2021-04-09,83.55
2021-04-10,81.69
2021-04-11,80.13
2021-04-12,78.85
2021-04-13,77.72
2021-04-14,76.74
2021-04-15,76.02
2021-04-20,73.79
2021-04-21,73.16
2021-04-22,72.72
2021-04-23,72.23
2021-04-24,71.8
2021-04-25,71.37
2021-04-26,71.02
2021-04-27,70.76
2021-04-28,70.43
2021-04-29,70.15
2021-04-30,69.93
2021-05-01,69.57
2021-05-02,69.32
2021-05-03,69.13
2021-05-04,68.89
2021-05-05,68.67
2021-05-06,68.49
2021-05-07,68.37
2021-05-08,68.15
2021-05-09,67.95
2021-05-10,67.81
2021-05-11,67.74
2021-05-12,67.64
2021-05-13,67.46
2021-05-14,67.3
2021-05-15,67.2
2021-05-16,67.12
2021-05-17,66.97
2021-05-18,66.82
2021-05-19,66.75
2021-05-20,66.71
2021-05-21,66.6
2021-05-22,66.52
2021-05-23,66.43
2021-05-24,66.33
2021-05-25,66.3
2021-05-26,66.31
2021-05-27,66.31
2021-05-28,66.32
2021-05-29,66.21
2021-05-30,66.24
2021-05-31,66.2
2021-06-01,66.21
2021-06-02,66.2
2021-06-03,66.15
2021-06-04,66.2
2021-06-05,66.28
2021-06-06,66.24
2021-06-07,66.11
2021-06-08,66.05
2021-06-09,65.98
2021-06-10,66.04
2021-06-11,66.11
2021-06-12,66.08
2021-06-13,66.06
2021-06-14,66.04
2021-06-15,66.07
2021-06-16,66.38
2021-06-17,66.33
2021-06-18,83.88
2021-06-19,79.08
2021-06-20,76.56
2021-06-21,74.94
2021-06-22,73.77
2021-06-23,73.2
2021-06-24,72.78
2021-06-25,72.16
2021-06-26,71.77
2021-06-27,71.3
2021-06-28,70.98
2021-06-29,70.72
2021-06-30,70.47
2021-07-01,70.38
2021-07-07,69.39
2021-07-08,69.37
2021-07-09,69.19
2021-07-10,69.11
2021-07-11,69.01
2021-07-12,69.02
2021-07-13,68.97
2021-07-14,68.92
2021-07-15,68.87
2021-07-16,68.86
2021-07-17,68.82
2021-07-23,66.16
2021-07-24,66.16
2021-07-25,66.05
2021-07-26,66.06
2021-07-27,66.05
2021-07-28,65.96
2021-07-29,65.9
2021-07-30,65.81
2021-07-31,65.89
2021-08-01,65.82
2021-08-02,65.8
2021-08-03,65.81
2021-08-04,65.74
2021-08-05,65.79
2021-08-06,65.8
2021-08-07,65.72
2021-08-08,65.7
2021-08-09,65.7
2021-08-10,65.71
2021-08-11,65.66
2021-08-12,65.64
2021-08-13,65.55
2021-08-14,65.61
2021-08-15,65.56
2021-08-16,65.54
2021-08-17,65.55
2021-08-18,65.58
2021-08-19,65.59
2021-08-20,65.54
2021-08-21,65.5
2021-08-22,65.49
2021-08-23,65.5
2021-08-24,65.58
2021-08-25,65.48
2021-08-26,65.49
2021-08-27,65.48
2021-08-28,65.5
2021-08-29,65.43
2021-08-30,65.43
2021-08-31,65.47
2021-09-01,65.47
2021-09-02,65.47
2021-09-03,65.49
2021-09-04,65.45
2021-09-05,65.43
2021-09-06,65.42
2021-09-07,65.46
2021-09-08,65.42
2021-09-09,65.42
2021-09-10,65.43
2021-09-11,65.41
2021-09-12,65.41
2021-09-13,65.42
2021-09-14,82.16
2021-09-15,78.13
2021-09-16,75.14
2021-09-17,73.13
2021-09-18,71.81
2021-09-19,71.0
2021-09-20,70.36
2021-09-21,69.67
2021-09-22,69.2
2021-09-23,68.95
2021-09-24,68.6
2021-09-25,68.27
2021-09-26,67.92
2021-09-27,67.75
2021-09-28,67.67
2021-09-29,67.54
2021-09-30,67.42
2021-10-01,67.21
2021-10-02,67.11
2021-10-03,67.03
2021-10-04,67.07
2021-10-05,66.95
2021-10-06,66.69
2021-10-07,66.63
2021-10-08,66.55
2021-10-09,66.47
2021-10-10,66.54
2021-10-11,66.69
2021-10-12,66.44
2021-10-13,66.42
2021-10-14,66.31
2021-10-15,66.32
2021-10-16,66.32
2021-10-17,66.25
2021-10-18,66.31
2021-10-19,67.21
2021-10-20,67.16
2021-10-21,67.17
2021-10-22,67.22
2021-10-23,67.25
2021-10-24,67.18
2021-10-25,67.21
2021-10-26,67.04
2021-10-27,67.02
2021-10-28,67.09
2021-10-29,67.13
2021-10-30,67.09
2021-10-31,67.02
2021-11-01,66.97
2021-11-02,66.88
2021-11-03,66.96
2021-11-04,67.0
2021-11-05,67.0
2021-11-06,66.96
2021-11-07,67.04
2021-11-08,66.94
2021-11-09,66.87
2021-11-10,66.9
2021-11-11,66.92
2021-11-12,66.97
2021-11-13,66.97
2021-11-14,66.91
2021-11-15,66.88
2021-11-16,67.01
2021-11-17,66.96
2021-11-18,66.9
2021-11-19,66.92
2021-11-20,66.9
2021-11-21,66.88
2021-11-22,66.96
2021-11-23,67.18
2021-11-24,67.06
2021-11-25,66.79
2021-11-26,66.94
2021-11-27,66.99
2021-11-28,66.86
2021-11-29,67.03
2021-11-30,67.07
2021-12-01,66.98
2021-12-02,67.0
2021-12-03,67.07
2021-12-04,66.93
2021-12-05,66.99
2021-12-06,67.0
2021-12-07,67.1
2021-12-08,67.05
2021-12-09,67.17
2021-12-10,67.02
2021-12-11,67.07
2021-12-12,67.08
2021-12-13,67.07
2021-12-14,67.05
2021-12-15,66.85
2021-12-16,66.92
2021-12-17,66.93
2021-12-18,66.92
2021-12-19,66.93
2021-12-20,66.98
2021-12-21,66.94
2021-12-22,67.01
2021-12-23,67.14
2021-12-24,66.8
2021-12-25,66.74
2021-12-26,66.61
2021-12-27,66.59
2021-12-28,66.73
2021-12-29,66.61
2021-12-30,66.35
2021-12-31,66.31
2022-01-01,65.92
2022-01-02,65.97
2022-01-03,65.87
2022-01-04,65.75
2022-01-05,65.84
2022-01-06,65.89
2022-01-07,65.84
2022-01-08,65.72
2022-01-09,65.63
2022-01-10,65.47
2022-01-11,65.48
2022-01-12,65.45
2022-01-13,65.47
2022-01-14,65.6
2022-01-15,65.54
2022-01-16,65.56
2022-01-17,65.5
2022-01-18,65.61
2022-01-19,65.52
2022-01-20,65.38
2022-01-21,65.63
2022-01-22,65.64
2022-01-23,65.56
2022-01-24,65.6
2022-01-25,65.74
2022-01-26,65.53
2022-01-27,65.49
2022-01-28,65.49
2022-01-29,65.74
2022-01-30,65.59
2022-01-31,65.71
2022-02-01,65.88
2022-02-02,65.82
2022-02-03,65.65
2022-02-04,65.59
2022-02-05,65.72
2022-02-06,65.78
2022-02-07,65.63
2022-02-08,65.8
2022-02-09,65.83
2022-02-10,65.91
2022-02-11,65.96
2022-02-12,65.93
2022-02-13,65.93
2022-02-14,66.07
2022-02-15,66.19
2022-02-16,65.99
2022-02-17,65.91
2022-02-18,65.91
2022-02-19,66.12
2022-02-20,66.3
2022-02-21,66.24
2022-02-22,66.23
2022-02-23,66.21
2022-02-24,66.02
2022-02-25,66.03
2022-02-26,66.08
2022-02-27,66.12
2022-02-28,66.23
2022-03-01,66.24
2022-03-02,66.33
2022-03-03,66.44
2022-03-04,66.34
2022-03-05,66.44
2022-03-06,66.28
2022-03-07,66.33
2022-03-08,66.42
2022-03-09,66.59
2022-03-10,66.57
2022-03-11,66.54
2022-03-12,66.78
2022-03-13,66.79
2022-03-14,66.79
2022-03-15,66.9
2022-03-16,67.03
2022-03-17,66.96
2022-03-18,66.91
2022-03-19,67.06
2022-03-20,67.14
2022-03-21,67.12
2022-03-22,67.03
2022-03-23,67.06
2022-03-24,67.17
2022-03-25,67.2
2022-03-26,67.31
2022-03-27,67.33
2022-03-28,67.35
2022-03-29,67.33
2022-03-30,67.32
2022-03-31,67.36
2022-04-01,67.46
2022-04-02,67.56
2022-04-03,67.66
2022-04-04,67.63
2022-04-05,67.71
2022-04-06,67.62
2022-04-07,67.63
2022-04-08,67.79
2022-04-09,67.87
2022-04-10,67.79
2022-04-11,67.73
2022-04-12,67.85
2022-04-13,67.76
2022-04-14,67.84
2022-04-15,67.96
2022-04-16,67.75
2022-04-17,67.88
2022-04-18,67.94
2022-04-19,68.02
2022-04-20,67.99
2022-04-21,68.08
2022-04-22,68.02
2022-04-23,68.07
2022-04-24,68.07
2022-04-25,68.12
2022-04-26,68.21
2022-04-27,98.51
2022-04-28,82.13
2022-04-29,77.72
2022-04-30,75.66
2022-05-01,74.22
2022-05-02,73.09
2022-05-03,72.42
2022-05-04,71.79
2022-05-05,71.27
2022-05-06,71.06
2022-05-07,70.85
2022-05-08,70.53
2022-05-09,70.19
2022-05-10,69.89
2022-05-11,69.79
2022-05-12,69.74
2022-05-13,69.75
2022-05-14,69.66
2022-05-15,69.51
2022-05-16,69.33
2022-05-17,69.33
2022-05-18,69.17
2022-05-19,69.31
2022-05-20,69.16
2022-05-21,69.0
2022-05-22,69.05
2022-05-23,69.13
2022-05-24,69.1
2022-05-25,68.98
2022-05-26,68.96
2022-05-27,68.94
2022-05-28,68.94
2022-05-29,68.99
2022-05-30,68.93
2022-05-31,68.98
2022-06-01,68.92
2022-06-02,68.88
2022-06-03,68.82
2022-06-04,68.76
2022-06-05,68.92
2022-06-06,68.68
2022-06-07,68.62
2022-06-08,68.67
2022-06-09,68.67
2022-06-10,68.64
2022-06-11,68.53
2022-06-12,68.65
2022-06-13,68.55
2022-06-14,68.67
2022-06-15,68.59
2022-06-16,68.73
2022-06-17,68.68
2022-06-18,68.53
2022-06-19,68.6
2022-06-20,68.69
2022-06-21,68.67
2022-06-22,68.7
2022-06-23,68.72
2022-06-24,68.69
2022-06-25,68.57
2022-06-26,68.65
2022-06-27,68.58
2022-06-28,68.66
2022-06-29,68.56
2022-06-30,68.7
2022-07-01,68.77
2022-07-02,68.77
2022-07-03,68.76
2022-07-04,68.63
2022-07-05,68.75
2022-07-06,68.74
2022-07-07,68.8
2022-07-08,68.65
2022-07-09,68.7
2022-07-10,68.73
2022-07-11,68.89
2022-07-12,68.9
2022-07-13,68.88
2022-07-14,68.91
2022-07-15,68.93
2022-07-16,69.0
2022-07-17,69.01
2022-07-18,68.87
2022-07-19,68.98
2022-07-20,68.94
2022-07-21,68.98
2022-07-22,69.0
2022-07-23,69.04
2022-07-24,69.19
2022-07-25,69.18
2022-07-26,69.14
2022-07-27,69.19
2022-07-28,69.24
2022-07-29,69.24
2022-07-30,69.22
2022-07-31,69.22
2022-08-01,69.2
2022-08-02,69.21
2022-08-03,69.34
2022-08-04,69.32
2022-08-05,69.24
2022-08-06,69.2
2022-08-07,69.22
2022-08-08,69.26
2022-08-09,69.29
2022-08-10,69.29
2022-08-11,69.31
2022-08-12,69.34
2022-08-13,69.3
2022-08-14,69.3
2022-08-15,69.29
2022-08-16,69.29
2022-08-17,69.34
2022-08-18,69.36
2022-08-19,69.32
2022-08-20,69.36
2022-08-21,69.41
2022-08-22,69.42
2022-08-23,69.38
2022-08-24,69.41
2022-08-25,69.44
2022-08-26,69.47
2022-08-27,69.47
2022-08-28,69.47
2022-08-29,69.51
2022-08-30,69.53
2022-08-31,69.51
2022-09-01,69.5
2022-09-02,69.51
2022-09-03,69.54
2022-09-04,69.56
2022-09-05,69.56
2022-09-06,69.58
2022-09-07,69.64
2022-09-08,69.62
2022-09-09,69.59
2022-09-10,69.67
2022-09-11,69.69
2022-09-12,69.72
2022-09-13,118.45
2022-09-14,85.79
2022-09-15,80.66
2022-09-16,78.2
2022-09-17,76.73
2022-09-18,75.71
2022-09-19,74.95
2022-09-20,74.38
2022-09-21,73.95
2022-09-22,73.61
2022-09-23,73.36
2022-09-24,73.15
2022-09-25,72.89
2022-09-26,72.69
2022-09-27,72.53
2022-09-28,72.45
2022-09-29,72.35
2022-09-30,72.2
2022-10-01,72.16
2022-10-02,72.11
2022-10-03,72.04
2022-10-04,71.94
2022-10-05,71.87
2022-10-06,71.86
2022-10-07,71.84
2022-10-08,71.81
2022-10-09,71.74
2022-10-10,71.69
2022-10-11,71.69
2022-10-12,71.7
2022-10-13,71.67
2022-10-14,71.57
2022-10-15,71.52
2022-10-16,71.51
2022-10-17,71.5
2022-10-18,71.5
2022-10-19,71.5
2022-10-20,71.44
2022-10-21,71.49
2022-10-22,71.42
2022-10-23,71.41
2022-10-24,71.51
2022-10-25,71.5
2022-10-26,71.45
2022-10-27,71.48
2022-10-28,71.49
2022-10-29,71.48
2022-10-30,71.49
2022-10-31,71.47
2022-11-01,71.45
2022-11-02,71.46
2022-11-03,71.47
2022-11-04,71.55
2022-11-05,71.54
2022-11-06,71.51
2022-11-07,71.5
2022-11-08,71.32
2022-11-09,71.39
2022-11-10,71.42
2022-11-11,71.4
2022-11-12,71.37
2022-11-13,71.37
2022-11-14,71.4
2022-11-15,71.35
2022-11-16,71.39
2022-11-17,71.36
2022-11-18,71.33
2022-11-19,71.41
2022-11-20,71.39
2022-11-21,71.37
2022-11-22,71.39
2022-11-23,71.39
2022-11-24,71.47
2022-11-25,71.47
2022-11-26,71.45
2022-11-27,71.42
2022-11-28,71.39
2022-11-29,71.39
2022-11-30,71.4
2022-12-01,71.44
2022-12-02,71.45
2022-12-03,71.43
2022-12-04,71.46
2022-12-05,71.44
2022-12-06,71.49
2022-12-07,71.54
2022-12-08,71.55
2022-12-09,71.53
2022-12-10,71.57
2022-12-11,71.31
2022-12-12,71.31
2022-12-13,71.34
2022-12-14,71.35
2022-12-15,71.36
2022-12-16,71.38
2022-12-17,71.31
2022-12-18,71.27
2022-12-19,71.33
2022-12-20,71.41
2022-12-21,71.41
2022-12-22,71.38
2022-12-23,71.39
2022-12-24,71.41
2022-12-25,71.44
2022-12-26,71.43
2022-12-27,71.37
2022-12-28,71.28
2022-12-29,71.3
2022-12-30,71.42
2022-12-31,71.32
2023-01-01,71.11
2023-01-02,71.16
2023-01-03,71.2
2023-01-04,71.17
2023-01-05,70.96
2023-01-06,71.0
2023-01-07,70.98
2023-01-08,70.99
2023-01-09,70.92
2023-01-10,70.43
2023-01-11,70.51
2023-01-12,70.47
2023-01-13,70.45
2023-01-14,70.32
2023-01-15,70.01
2023-01-16,69.81
2023-01-17,69.79
2023-01-18,69.8
2023-01-19,69.76
2023-01-20,69.76
2023-01-21,69.77
2023-01-22,69.66
2023-01-23,69.63
2023-01-24,69.64
2023-01-25,69.58
2023-01-26,69.62
2023-01-27,69.55
2023-01-28,69.45
2023-01-29,69.4
2023-01-30,69.41
2023-01-31,69.42
2023-02-01,69.4
2023-02-02,69.39
2023-02-03,69.36
2023-02-04,69.38
2023-02-05,69.37
2023-02-06,69.3
2023-02-07,69.29
2023-02-08,69.29
2023-02-09,69.31
2023-02-10,69.27
2023-02-11,69.16
2023-02-12,69.12
2023-02-13,69.12
2023-02-14,69.11
2023-02-15,69.22
2023-02-16,69.22
2023-02-17,69.13
2023-02-18,69.14
2023-02-19,69.17
2023-02-20,69.17
2023-02-21,69.06
2023-02-22,69.04
2023-02-23,69.06
2023-02-24,69.0
2023-02-25,68.62
2023-02-26,68.71
2023-02-27,68.65
2023-02-28,68.52
2023-03-01,68.29
2023-03-02,68.35
2023-03-03,68.33
2023-03-04,68.35
2023-03-05,68.32
2023-03-06,68.3
2023-03-07,68.34
2023-03-08,68.32
2023-03-09,68.27
2023-03-10,68.23
2023-03-11,68.16
2023-03-12,68.13
2023-03-13,68.44
2023-03-14,68.42
2023-03-15,68.06
2023-03-16,68.05
2023-03-17,68.0
2023-03-18,67.98
2023-03-19,68.01
2023-03-20,67.99
2023-03-21,67.82
2023-03-22,67.79
2023-03-23,67.79
2023-03-24,67.82
2023-03-25,67.84
2023-03-26,67.8
2023-03-27,67.76
2023-03-28,67.72
2023-03-29,67.67
2023-03-30,67.64
2023-03-31,67.69
2023-04-01,67.62
2023-04-02,67.59
2023-04-03,67.59
2023-04-04,67.63
2023-04-05,67.62
2023-04-06,67.61
2023-04-07,67.63
2023-04-08,67.65
2023-04-09,67.59
2023-04-10,67.54
2023-04-11,67.56
2023-04-12,67.53
2023-04-13,67.47
2023-04-14,67.47
2023-04-15,67.47
2023-04-16,67.46
2023-04-17,67.51
2023-04-18,67.49
2023-04-19,67.49
2023-04-20,67.55
2023-04-21,67.54
2023-04-22,67.41
2023-04-23,67.43
2023-04-24,67.47
2023-04-25,67.44
2023-04-26,67.39
2023-04-27,67.39
2023-04-28,67.41
2023-04-29,67.44
2023-04-30,67.39
2023-05-01,67.34
2023-05-02,67.34
2023-05-03,67.35
2023-05-04,67.34
2023-05-05,67.38
2023-05-06,67.33
2023-05-07,67.32
2023-05-08,67.32
2023-05-09,67.29
2023-05-10,67.27
2023-05-11,67.21
2023-05-12,67.21
2023-05-13,67.2
2023-05-14,67.19
2023-05-15,67.18
2023-05-16,67.19
2023-05-17,67.18
2023-05-18,67.18
2023-05-19,67.15
2023-05-20,67.14
2023-05-21,67.13
2023-05-22,67.06
2023-05-23,67.05
2023-05-24,67.01
2023-05-25,66.96
2023-05-26,67.03
2023-05-27,67.04
2023-05-28,66.95
2023-05-29,66.93
2023-05-30,66.96
2023-05-31,66.92
2023-06-01,66.9
2023-06-02,66.88
2023-06-03,66.85
2023-06-04,66.84
2023-06-05,66.85
2023-06-06,67.02
2023-06-08,78.74
2023-06-09,75.89
2023-06-10,74.11
2023-06-11,72.87
2023-06-12,72.07
2023-06-13,71.42
2023-06-14,70.82
2023-06-15,70.33
2023-06-16,69.96
2023-06-17,69.66
2023-06-18,69.35
2023-06-19,69.14
2023-06-20,68.93
2023-06-21,68.76
2023-06-22,68.62
2023-06-23,68.53
2023-06-24,68.36
2023-06-25,68.16
2023-06-26,68.04
2023-06-27,67.91
2023-06-28,67.86
2023-06-29,67.81
2023-06-30,67.73
2023-07-01,67.61
2023-07-02,67.53
2023-07-03,67.5
2023-07-04,67.51
2023-07-05,67.42
2023-07-06,67.31
2023-07-07,67.24
2023-07-08,67.23
2023-07-09,67.18
2023-07-10,67.08
2023-07-11,67.11
2023-07-12,67.08
2023-07-13,67.06
2023-07-14,67.01
2023-07-15,66.98
2023-07-16,66.92
2023-07-17,66.91
2023-07-18,66.95
2023-07-19,66.94
2023-07-20,66.86
2023-07-21,66.83
2023-07-22,66.83
2023-07-23,66.78
2023-07-24,66.73
2023-07-25,66.73
2023-07-26,66.68
2023-07-27,66.66
2023-07-28,66.68
2023-07-29,66.65
2023-07-30,66.62
2023-07-31,66.63
2023-08-01,66.62
2023-08-02,66.6
2023-08-03,66.6
2023-08-04,66.6
2023-08-05,66.61
2023-08-06,66.53
2023-08-07,66.52
2023-08-08,66.54
2023-08-09,66.56
2023-08-10,66.55
2023-08-11,66.5
2023-08-12,66.55
2023-08-13,66.49
2023-08-14,66.5
2023-08-15,66.52
2023-08-16,66.48
2023-08-17,66.43
2023-08-18,66.46
2023-08-19,66.51
2023-08-20,66.26
2023-08-21,66.07
2023-08-22,66.09
2023-08-23,66.08
2023-08-24,66.05
2023-08-25,65.98
2023-08-26,65.96
2023-08-27,65.94
2023-08-28,65.93
2023-08-29,65.89
2023-08-30,65.88
2023-08-31,65.82
2023-09-01,65.77
2023-09-02,65.76
2023-09-03,65.73
2023-09-04,65.66
2023-09-05,65.64
2023-09-06,65.59
2023-09-07,65.5
2023-09-08,65.43
2023-09-09,65.33
2023-09-10,65.24
2023-09-11,65.19
2023-09-12,65.11
2023-09-13,65.02
2023-09-14,64.89
2023-09-15,64.86
2023-09-16,64.83
2023-09-17,64.78
2023-09-18,64.71
2023-09-19,64.74
2023-09-20,64.74
2023-09-21,64.66
2023-09-22,64.64
2023-09-23,64.66
2023-09-24,64.63
2023-09-25,64.61
2023-09-26,64.91
2023-09-27,82.09
2023-09-28,76.4
2023-09-29,73.6
2023-09-30,71.9
2023-10-01,70.76
2023-10-02,69.94
2023-10-03,69.26
2023-10-04,68.75
2023-10-05,68.32
2023-10-06,67.94
2023-10-07,67.62
2023-10-08,67.4
2023-10-09,67.2
2023-10-10,66.97
2023-10-11,66.79
2023-10-12,66.64
2023-10-13,66.53
2023-10-14,66.49
2023-10-15,66.34
2023-10-16,66.23
2023-10-17,66.11
2023-10-18,66.05
2023-10-19,65.93
2023-10-20,65.85
2023-10-21,65.83
2023-10-22,65.75
2023-10-23,65.65
2023-10-24,65.64
2023-10-25,65.64
2023-10-26,65.59
2023-10-27,65.51
2023-10-28,65.43
2023-10-29,65.43
2023-10-30,65.45
2023-10-31,65.38
2023-11-01,65.31
2023-11-02,65.28
2023-11-03,65.27
2023-11-04,65.24
2023-11-05,65.2
2023-11-06,65.02
2023-11-07,64.91
2023-11-08,64.86
2023-11-09,64.81
2023-11-10,64.8
2023-11-11,64.67
2023-11-12,64.58
2023-11-13,64.59
2023-11-14,64.51
2023-11-15,64.41
2023-11-16,64.33
2023-11-17,64.34
2023-11-18,64.27
2023-11-19,64.2
2023-11-20,64.21
2023-11-21,64.22
2023-11-22,64.07
2023-11-23,63.96
2023-11-24,63.94
2023-11-25,63.93
2023-11-26,63.96
2023-11-27,63.88
2023-11-28,63.88
2023-11-29,63.78
2023-11-30,63.76
2023-12-01,63.74
2023-12-02,63.75
2023-12-03,63.76
2023-12-04,63.69
2023-12-05,63.63
2023-12-06,63.6
2023-12-07,63.57
2023-12-08,63.54
2023-12-09,63.56
2023-12-10,63.52
2023-12-11,63.48
2023-12-12,63.39
2023-12-13,63.41
2023-12-14,63.41
2023-12-15,63.42
2023-12-16,63.37
2023-12-17,63.29
2023-12-18,63.28
2023-12-19,63.27
2023-12-20,63.2
2023-12-21,63.16
2023-12-22,63.05
2023-12-23,63.04
2023-12-24,63.08
2023-12-25,63.04
2023-12-26,62.99
2023-12-27,62.95
2023-12-28,62.98
2023-12-29,62.92
2023-12-30,62.82
2023-12-31,62.8
2024-01-01,62.75
2024-01-02,62.8
2024-01-03,62.66
2024-01-04,62.66
2024-01-05,62.63
2024-01-06,62.62
2024-01-07,62.52
2024-01-08,62.57
2024-01-09,62.54
2024-01-10,62.51
2024-01-11,62.49
2024-01-12,62.48
2024-01-13,62.43
2024-01-14,62.4
2024-01-15,62.41
2024-01-16,62.39
2024-01-17,62.31
2024-01-18,62.27
2024-01-19,62.28
2024-01-20,62.22
2024-01-21,62.14
2024-01-22,61.93
2024-01-23,61.97
2024-01-24,62.04
2024-01-25,62.0
2024-01-26,61.94
2024-01-27,61.89
2024-01-28,61.87
2024-01-29,61.87
2024-01-30,61.81
2024-01-31,61.76
2024-02-01,61.48
2024-02-02,61.54
2024-02-03,61.53
2024-02-04,61.46
2024-02-05,60.94
2024-02-06,60.59
2024-02-07,60.81
2024-02-08,60.74
2024-02-09,60.68
2024-02-10,60.62
2024-02-11,60.62
2024-02-12,60.53
2024-02-13,60.48
2024-02-14,60.45
2024-02-15,60.42
2024-02-16,60.39
2024-02-17,60.33
2024-02-18,60.25
2024-02-19,60.18
2024-02-20,60.03
2024-02-21,59.89
2024-02-22,59.81
2024-02-23,59.66
2024-02-24,59.62
2024-02-25,59.54
2024-02-26,59.54
2024-02-27,59.53
2024-02-28,59.45
2024-02-29,59.48
2024-03-01,59.44
2024-03-02,59.34
2024-03-03,59.32
2024-03-04,59.29
2024-03-05,59.24
2024-03-06,59.15
2024-03-07,59.08
2024-03-08,59.07
2024-03-09,59.03
2024-03-10,59.02
2024-03-11,58.97
2024-03-12,58.95
2024-03-13,58.9
2024-03-14,58.85
2024-03-15,58.8
2024-03-16,58.86
2024-03-17,58.85
2024-03-18,58.72
2024-03-19,58.69
2024-03-20,58.69
2024-03-21,58.72
2024-03-22,58.72
2024-03-23,58.6
2024-03-24,58.54
2024-03-25,58.58
2024-03-26,58.59
2024-03-27,58.59
2024-03-28,58.56
2024-03-29,58.53
2024-03-30,58.25
2024-03-31,58.09
2024-04-01,58.12
2024-04-02,58.16
2024-04-03,58.08
2024-04-04,57.97
2024-04-05,57.9
2024-04-06,57.95
2024-04-07,57.88
2024-04-08,57.83
2024-04-09,57.84
2024-04-10,57.83
2024-04-11,57.76
2024-04-12,57.79
2024-04-13,57.74
2024-04-14,57.67
2024-04-15,57.57
2024-04-16,57.53
2024-04-17,57.51
2024-04-18,57.49
2024-04-19,57.5
2024-04-20,57.43
2024-04-21,57.37
2024-04-22,57.35
2024-04-23,57.39
2024-04-24,57.4
2024-04-25,57.43
2024-04-26,57.39
2024-04-27,57.36
2024-04-28,57.31
2024-04-29,57.29
2024-04-30,57.27
2024-05-01,57.22
2024-05-02,57.22
2024-05-03,57.2
2024-05-04,57.24
2024-05-05,57.22
2024-05-06,57.31
2024-05-07,57.23
2024-05-08,57.21
2024-05-09,57.25
2024-05-10,57.26
2024-05-11,57.18
2024-05-12,57.15
2024-05-13,57.14
2024-05-14,57.17
2024-05-15,57.17
2024-05-16,57.14
2024-05-17,57.11
2024-05-18,57.06
2024-05-19,57.06
2024-05-20,57.08
2024-05-21,57.09
2024-05-22,57.04
2024-05-23,57.04
2024-05-24,57.06
2024-05-25,57.1
2024-05-26,57.1
2024-05-27,57.04
2024-05-28,57.02
2024-05-29,57.0
2024-05-30,56.98
2024-05-31,57.02
2024-06-03,65.32
2024-06-04,63.76
2024-06-05,62.7
2024-06-06,61.93
2024-06-07,61.27
2024-06-08,60.83
2024-06-09,60.46
2024-06-10,60.1
2024-06-11,59.8
2024-06-12,59.54
2024-06-13,59.34
2024-06-14,59.15
2024-06-15,58.97
2024-06-16,58.77
2024-06-17,58.62
2024-06-18,58.5
2024-06-19,58.44
2024-06-20,58.35
2024-06-21,58.17
2024-06-22,58.09
2024-06-23,58.01
2024-06-24,57.96
2024-06-25,57.9
2024-06-26,57.8
2024-06-27,57.7
2024-06-28,57.64
2024-06-29,57.56
2024-06-30,57.51
2024-07-01,57.45
2024-07-02,57.44
2024-07-03,57.39
2024-07-04,57.36
2024-07-05,57.27
2024-07-06,57.29
2024-07-07,57.28
2024-07-08,57.2
2024-07-09,57.15
2024-07-10,57.09
2024-07-11,57.09
2024-07-12,57.07
2024-07-13,57.0
2024-07-14,56.97
2024-07-15,56.99
2024-07-16,56.97
2024-07-17,56.91
2024-07-18,56.88
2024-07-19,56.83
2024-07-20,56.84
2024-07-21,56.83
2024-07-22,56.79
2024-07-23,56.74
2024-07-24,56.73
2024-07-25,56.69
2024-07-26,56.69
2024-07-27,56.69
2024-07-28,56.67
2024-07-29,56.63
2024-07-30,56.59
2024-07-31,56.56
2024-08-01,56.61
2024-08-02,56.63
2024-08-03,56.6
2024-08-04,56.53
2024-08-05,56.51
2024-08-06,56.51
2024-08-07,56.53
2024-08-08,56.47
2024-08-09,56.45
2024-08-10,56.43
2024-08-11,56.43
2024-08-12,56.48
2024-08-13,56.47
2024-08-14,56.45
2024-08-15,56.47
2024-08-16,56.47
2024-08-17,56.46
2024-08-18,56.43
2024-08-19,56.43
2024-08-20,56.43
2024-08-21,56.42
2024-08-22,56.48
2024-08-23,56.48
2024-08-24,56.42
2024-08-25,56.45
2024-08-26,56.46
2024-08-27,56.44
2024-08-28,56.39
2024-08-29,56.41
2024-08-30,56.41
2024-08-31,56.34
2024-09-01,56.36
2024-09-02,56.39
2024-09-03,56.38
2024-09-04,56.34
2024-09-05,56.32
2024-09-06,55.83
2024-09-08,67.97
2024-09-09,66.04
2024-09-10,64.29
2024-09-11,63.08
2024-09-12,62.17
2024-09-13,61.51
2024-09-14,60.99
2024-09-15,60.59
2024-09-16,60.28
2024-09-17,59.98
2024-09-18,59.64
2024-09-19,59.4
2024-09-20,59.21
2024-09-21,59.07
2024-09-22,58.88
2024-09-23,58.67
2024-09-24,58.51
2024-09-25,58.41
2024-09-26,58.33
2024-09-27,58.27
2024-09-28,58.12
2024-09-29,58.01
2024-09-30,57.92
2024-10-01,57.86
2024-10-02,57.75
2024-10-03,57.75
2024-10-04,57.66
2024-10-05,57.59
2024-10-06,57.53
2024-10-07,57.47
2024-10-08,57.49
2024-10-09,57.48
2024-10-10,57.44
2024-10-11,57.36
2024-10-12,57.32
2024-10-13,57.26
2024-10-14,57.23
2024-10-15,57.2
2024-10-16,57.21
2024-10-17,57.18
2024-10-18,57.1
2024-10-19,57.06
2024-10-20,57.04
2024-10-21,56.96
2024-10-22,57.01
2024-10-23,56.99
2024-10-24,56.9
2024-10-25,56.88
2024-10-26,56.84
2024-10-27,56.8
2024-10-28,56.8
2024-10-29,56.81
2024-10-30,56.82
2024-10-31,56.7
2024-11-01,56.64
2024-11-02,56.6
2024-11-03,56.53
2024-11-04,56.6
2024-11-05,56.6
2024-11-06,56.57
2024-11-07,56.53
2024-11-08,56.54
2024-11-09,56.53
2024-11-10,56.47
2024-11-11,56.45
2024-11-12,56.49
2024-11-13,56.47
2024-11-14,56.46
2024-11-15,56.39
2024-11-16,56.37
2024-11-17,56.33
2024-11-18,56.31
2024-11-19,56.33
2024-11-20,56.4
2024-11-21,56.37
2024-11-22,56.28
2024-11-23,56.25
2024-11-24,56.24
2024-11-25,56.24
2024-11-26,56.26
2024-11-27,56.24
2024-11-28,56.21
2024-11-29,56.19
2024-11-30,56.13
2024-12-01,56.12
2024-12-02,56.13
2024-12-03,56.12
2024-12-04,56.14
2024-12-05,56.08
2024-12-06,56.04
2024-12-07,56.03
2024-12-08,55.98
2024-12-09,55.98
2024-12-10,56.03
